<?xml version="1.0" encoding="UTF-8"?>
<!DOCTYPE suite SYSTEM "http://testng.org/testng-1.0.dtd">
<suite name="TenantManagerDemo">
  <test name="TenantManagerLoginDemoTest">
    <classes>
      <class name="TenanantTests.TM_Login"/>
    </classes>
  </test> 
  
  <test name="TenantManagerCreateOfficeDemoTest">
    <classes>
      <class name="TenanantTests.TM_CreateOffice"/>
    </classes>
  </test>
  
  <test name="TenantManagerCreateClientDemoTest">
    <classes>
      <class name="TenanantTests.TM_CreateClient"/>
    </classes>
  </test>
</suite> <!-- TenantManagerDemo -->
